artist_name,book_name,profile_url,publisher_name,publisher_profile_url
AAVV,OMNE / ATLAS AQUÆ,https://photobookers.com/creators/aavv,SkinnerBoox,https://photobookers.com/creators/skinnerboox
Abdulhamid Kircher,Rotting from Within,https://photobookers.com/creators/abdulhamid-kircher,Loose Joints,https://photobookers.com/creators/loose-joints
Al Palmer,Colour Field: Misfortune,https://photobookers.com/creators/al-palmer,Brown Owl Press,https://photobookers.com/creators/brown-owl-press
Alain Levitt,"Everybody's Guilty, No One's To Blame",https://photobookers.com/creators/alain-levitt,Super Labo,https://photobookers.com/creators/super-labo
Albert Elm,This Much is True,https://photobookers.com/creators/albert-elm,DISKOBAY,https://photobookers.com/creators/diskobay
Alejandro Cartagena,A Guide to Infrastructure & Corruption,https://photobookers.com/creators/alejandro-cartagena,The Velvet Cell,https://photobookers.com/creators/the-velvet-cell
ALESSIO PELLICORO,NEL QUASI INVISIBILE,https://photobookers.com/creators/alessio-pellicoro,SkinnerBoox,https://photobookers.com/creators/skinnerboox
Alexander Gronsky,Norilsk,https://photobookers.com/creators/alexander-gronsky,The Velvet Cell,https://photobookers.com/creators/the-velvet-cell
Alice Proujansky,Hard Times are Fighting Times,https://photobookers.com/creators/alice-proujansky,Gnomic Book,https://photobookers.com/creators/gnomic-book
Alison McCauley,Anywhere but here,https://photobookers.com/creators/alison-mccauley,Photo Editions,https://photobookers.com/creators/photo-editions
Amy Woodward,Milk Teeth,https://photobookers.com/creators/amy-woodward,Tall Poppy Press,https://photobookers.com/creators/tall-poppy-press
Anastasia Davis,Letting Go,https://photobookers.com/creators/anastasia-davis,Brown Owl Press,https://photobookers.com/creators/brown-owl-press
Andoni Beristain,Pieza Madre,https://photobookers.com/creators/andoni-beristain,Setanta Books,https://photobookers.com/creators/setanta-books
André Príncipe,ANIMA - ENCOUNTERS WITH WILD ANIMALS IN PORTUGAL,https://photobookers.com/creators/andre-principe,Pierre von Kleist Editions,https://photobookers.com/creators/pierre-von-kleist-editions
Andrea Modica,Theatrum Equorum,https://photobookers.com/creators/andrea-modica,TIS Books,https://photobookers.com/creators/tis-books
Andrea Orejarena & Caleb Stein,American Glitch,https://photobookers.com/creators/andrea-orejarena--caleb-stein,Gnomic Book,https://photobookers.com/creators/gnomic-book
Andrea Simonato,Antro,https://photobookers.com/creators/andrea-simonato,Kult Books,https://photobookers.com/creators/kult
Andreas Gehrke,Flughafen Berlin-Tegel,https://photobookers.com/creators/andreas-gehrke,Drittel Books,https://photobookers.com/creators/drittel-books
Andrew D. McClees,Wanderlust,https://photobookers.com/creators/andrew-d-mcclees,Brown Owl Press,https://photobookers.com/creators/brown-owl-press
Andrew Fedynak,"“I’m Not Here, Calypso.”",https://photobookers.com/creators/andrew-fedynak,Zatara Press,https://photobookers.com/creators/zatara-press
Anna Arendt,Vanishing,https://photobookers.com/creators/anna-arendt,Charcoal Press,https://photobookers.com/creators/charcoal-press
Anna Tsitsishvili,Tbilisi Interiors,https://photobookers.com/creators/anna-tsitsishvili,Art Paper Editions,https://photobookers.com/creators/art-paper-editions
Anne Day,Les Flashs D'Anne,https://photobookers.com/creators/anne-day,Magic Hour Press,https://photobookers.com/creators/magic-hour-press
Anouk Tschanz,ACTINISM,https://photobookers.com/creators/anouk-tschanz,Jungle Books,https://photobookers.com/creators/jungle-books
Anthony Wilson,Mawmaw,https://photobookers.com/creators/anthony-wilson,Guest Editions,https://photobookers.com/creators/guest-editions
Arthur Tress,"The Ramble, NYC 1969",https://photobookers.com/creators/arthur-tress,Stanley / Barker,https://photobookers.com/creators/stanley--barker
Ayman Kaake,99 Names,https://photobookers.com/creators/ayman-kaake,Tall Poppy Press,https://photobookers.com/creators/tall-poppy-press
Azumi Ishikawa,Ikebana,https://photobookers.com/creators/azumi-ishikawa,acb-press,https://photobookers.com/creators/acb-press
Balarama Heller,Sacred Place,https://photobookers.com/creators/balarama-heller,TIS Books,https://photobookers.com/creators/tis-books
Barbara Marstrand,Still Life of Teenagers,https://photobookers.com/creators/barbara-marstrand,DISKOBAY,https://photobookers.com/creators/diskobay
Beatriz Banha,MIDDAY MOON,https://photobookers.com/creators/beatriz-banha,SkinnerBoox,https://photobookers.com/creators/skinnerboox
Ben McQueen,LET IT KILL YOU,https://photobookers.com/creators/ben-mcqueen,Super Labo,https://photobookers.com/creators/super-labo
Beth Galton,COVID DIARY,https://photobookers.com/creators/beth-galton,Fall Line Press,https://photobookers.com/creators/fall-line-press
Bevan Davies,"Los Angeles, 1976",https://photobookers.com/creators/bevan-davies,Nazraeli Press,https://photobookers.com/creators/nazraeli-press
Bharat Sikka,Elephant in the Room,https://photobookers.com/creators/bharat-sikka,FW Books,https://photobookers.com/creators/fw-books
Birthe Piontek,Zero Hour,https://photobookers.com/creators/birthe-piontek,Gnomic Book,https://photobookers.com/creators/gnomic-book
Brandon Ruffin,Migration Patterns,https://photobookers.com/creators/brandon-ruffin,Setanta Books,https://photobookers.com/creators/setanta-books
Brendan Barry,Flowers for Bea,https://photobookers.com/creators/brendan-barry,GOST,https://photobookers.com/creators/gost
Brian Chorski,Another Patch of Sky,https://photobookers.com/creators/brian-chorski,Guest Editions,https://photobookers.com/creators/guest-editions
Bruce Gilden,Black Country,https://photobookers.com/creators/bruce-gilden,Setanta Books,https://photobookers.com/creators/setanta-books
Carina Lammers & Jahnavi Sharma,DRAWERS,https://photobookers.com/creators/carina-lammers--jahnavi-sharma,Guest Editions,https://photobookers.com/creators/guest-editions
Carl Krow,A Lily's Wrath,https://photobookers.com/creators/carl-krow,,
Carl Wooley,COLLIDER,https://photobookers.com/creators/carl-wooley,TIS Books,https://photobookers.com/creators/tis-books
Carla Rossi,Bellissima,https://photobookers.com/creators/carla-rossi,Art Paper Editions,https://photobookers.com/creators/art-paper-editions
Caroline & Cyril Desroche,Los Angeles Standards,https://photobookers.com/creators/caroline--cyril-desroche,Poursuite Editions,https://photobookers.com/creators/poursuite-editions
Chad Moore,Eyes and Skies,https://photobookers.com/creators/chad-moore,Super Labo,https://photobookers.com/creators/super-labo
Chan Chao,Two Places on Earth,https://photobookers.com/creators/chan-chao,Nazraeli Press,https://photobookers.com/creators/nazraeli-press
Chance DeVille,Growing Tired of Calloused Knees,https://photobookers.com/creators/chance-deville,Gnomic Book,https://photobookers.com/creators/gnomic-book
Charlie Simokaitis,The Crisis Tapes,https://photobookers.com/creators/charlie-simokaitis,TIS Books,https://photobookers.com/creators/tis-books
Charlotte Dumas,Entendue,https://photobookers.com/creators/charlotte-dumas,FW Books,https://photobookers.com/creators/fw-books
Charlotte Krieger,Spare No Expense,https://photobookers.com/creators/charlotte-krieger,Jungle Books,https://photobookers.com/creators/jungle-books
Chessa Subbiondo,SPLINT,https://photobookers.com/creators/chessa-subbiondo,Super Labo,https://photobookers.com/creators/super-labo
Chris Round,The Grand Scheme,https://photobookers.com/creators/chris-round,Subjectively Objective,https://photobookers.com/creators/subjectively-objective
Christian Hersche,Chom Hee Zo Mee,https://photobookers.com/creators/christian-hersche,Jungle Books,https://photobookers.com/creators/jungle-books
Christine Ward,Distant Calls in Fading Light,https://photobookers.com/creators/christine-ward,Tall Poppy Press,https://photobookers.com/creators/tall-poppy-press
Christopher Lowell,THIRTY-ONE DAYS,https://photobookers.com/creators/christopher-lowell,Fall Line Press,https://photobookers.com/creators/fall-line-press
Christopher Robin Duncan,Poems,https://photobookers.com/creators/christopher-robin-duncan,Deadbeat Club Press,https://photobookers.com/creators/deadbeat-club-press
Clare Strand,Skirts,https://photobookers.com/creators/clare-strand,GOST,https://photobookers.com/creators/gost
Claudius Schulze,State Of Nature,https://photobookers.com/creators/claudius-schulze,Hartmann Books,https://photobookers.com/creators/hartmann-books
Clay Maxwell Jordan,PERPETUAL CARE,https://photobookers.com/creators/clay-maxwell-jordan,Fall Line Press,https://photobookers.com/creators/fall-line-press
Clemens Ascher,Of Forms and Traces Vol. 2,https://photobookers.com/creators/clemens-ascher,Jungle Books,https://photobookers.com/creators/jungle-books
Clifford Prince King,Orange Grove,https://photobookers.com/creators/clifford-prince-king,TIS Books,https://photobookers.com/creators/tis-books
Cody Cobb,Cascadia II,https://photobookers.com/creators/cody-cobb,Another Place Press,https://photobookers.com/creators/another-place-press
Cole Flynn Quirke,Even a maniac can learn to drive,https://photobookers.com/creators/cole-flynn-quirke,Jane & Jeremy,https://photobookers.com/creators/jane--jeremy
Constance Jaeggi,Escaramuza,https://photobookers.com/creators/constance-jaeggi,GOST,https://photobookers.com/creators/gost
Courtney Allen,Splendor,https://photobookers.com/creators/courtney-allen,Deadbeat Club Press,https://photobookers.com/creators/deadbeat-club-press
Craig Easton,An Extremely Un-Get-Atable Place,https://photobookers.com/creators/craig-easton,GOST,https://photobookers.com/creators/gost
Cristian Ordonez,On Trial,https://photobookers.com/creators/cristian-ordonez,acb-press,https://photobookers.com/creators/acb-press
Curran Hatleberg,Blood Green,https://photobookers.com/creators/curran-hatleberg,TBW Books,https://photobookers.com/creators/tbw-books
Dafna Talmor,Constructed Landscapes: Addendum,https://photobookers.com/creators/dafna-talmor,FW Books,https://photobookers.com/creators/fw-books
Daido Moriyama,Mantis,https://photobookers.com/creators/daido-moriyama,Nazraeli Press,https://photobookers.com/creators/nazraeli-press
Daniel Arnold,You Are What You Do,https://photobookers.com/creators/daniel-arnold,Loose Joints,https://photobookers.com/creators/loose-joints
Daniel Fuller,Luminous Mind,https://photobookers.com/creators/daniel-fuller,Jane & Jeremy,https://photobookers.com/creators/jane--jeremy
Daniel Lee Postaer,Mother's Land,https://photobookers.com/creators/daniel-lee-postaer,Deadbeat Club Press,https://photobookers.com/creators/deadbeat-club-press
David Brandon Geeting,The Marble,https://photobookers.com/creators/david-brandon-geeting,TBW Books,https://photobookers.com/creators/tbw-books
David Hurn,On Reading,https://photobookers.com/creators/david-hurn,RRB Photobooks,https://photobookers.com/creators/rrb-photobooks
David Spero,Settlements,https://photobookers.com/creators/david-spero,,
Delaney Allen,Red Orange,https://photobookers.com/creators/delaney-allen,Jane & Jeremy,https://photobookers.com/creators/jane--jeremy
Ditte Haarløv Johnsen,Maputo Diary,https://photobookers.com/creators/ditte-haarlv-johnsen,DISKOBAY,https://photobookers.com/creators/diskobay
Douglas Mandry,A Distant Smell of Dust,https://photobookers.com/creators/douglas-mandry,Jungle Books,https://photobookers.com/creators/jungle-books
Ed Templeton,City Confessions #4 MILANO,https://photobookers.com/creators/ed-templeton,Super Labo,https://photobookers.com/creators/super-labo
Ed. Sunil Gupta,Tessa Boffin,https://photobookers.com/creators/ed-sunil-gupta,Stanley / Barker,https://photobookers.com/creators/stanley--barker
Elaine Constantine,I'm Com'un Home In The Morn'un,https://photobookers.com/creators/elaine-constantine,RRB Photobooks,https://photobookers.com/creators/rrb-photobooks
Eleanor MacNair,Whilst the World Sleeps,https://photobookers.com/creators/eleanor-macnair,RRB Photobooks,https://photobookers.com/creators/rrb-photobooks
Eli Durst,The Children's Melody,https://photobookers.com/creators/eli-durst,Gnomic Book,https://photobookers.com/creators/gnomic-book
Elijah Howe,MIKE,https://photobookers.com/creators/elijah-howe,TIS Books,https://photobookers.com/creators/tis-books
Eliot Nasrallah,Les yeux fermés,https://photobookers.com/creators/eliot-nasrallah,Kult Books,https://photobookers.com/creators/kult
Emanuele Satolli,That Thing That Never Vanished,https://photobookers.com/creators/emanuele-satolli,GOST,https://photobookers.com/creators/gost
Emily Shur,Sunshine Terrace,https://photobookers.com/creators/emily-shur,Deadbeat Club Press,https://photobookers.com/creators/deadbeat-club-press
Enda Bowe,Kilburn Cherry,https://photobookers.com/creators/enda-bowe,Jane & Jeremy,https://photobookers.com/creators/jane--jeremy
Enrico Cerovac,NOT FAR FROM HERE,https://photobookers.com/creators/enrico-cerovac,SkinnerBoox,https://photobookers.com/creators/skinnerboox
Eoin Moylan,Deutsches in Deutschland,https://photobookers.com/creators/eoin-moylan,Art Paper Editions,https://photobookers.com/creators/art-paper-editions
Eric Tabuchi,Twenty Four Modern Lorraine Churches,https://photobookers.com/creators/eric-tabuchi,Poursuite Editions,https://photobookers.com/creators/poursuite-editions
Eric Tabuchi & Nelly Monnier,ALLER – RETOUR,https://photobookers.com/creators/eric-tabuchi--nelly-monnier,Poursuite Editions,https://photobookers.com/creators/poursuite-editions
Erik Gustafsson,A House of Clay,https://photobookers.com/creators/erik-gustafsson,Loose Joints,https://photobookers.com/creators/loose-joints
Erin O'Keefe,Built Work,https://photobookers.com/creators/erin-okeefe,Jane & Jeremy,https://photobookers.com/creators/jane--jeremy
Erinn Springer,Dormant Season,https://photobookers.com/creators/erinn-springer,Charcoal Press,https://photobookers.com/creators/charcoal-press
Farren van Wyk,Mixedness is my Mythology,https://photobookers.com/creators/farren-van-wyk,FW Books,https://photobookers.com/creators/fw-books
Felipe Romero Beltrán,Bravo,https://photobookers.com/creators/felipe-romero-beltran,Loose Joints,https://photobookers.com/creators/loose-joints
Fred Waldvogel,Pilze,https://photobookers.com/creators/fred-waldvogel,Jungle Books,https://photobookers.com/creators/jungle-books
Frida Lisa Carstensen Jersø,Frida Forever,https://photobookers.com/creators/frida-lisa-carstensen-jers,DISKOBAY,https://photobookers.com/creators/diskobay
Gabriele Galimberti,THE AMERIGUNS,https://photobookers.com/creators/gabriele-galimberti,SkinnerBoox,https://photobookers.com/creators/skinnerboox
Gabriele Harhoff,Tobiko,https://photobookers.com/creators/gabriele-harhoff,,
Gaia Maggio,TERRA DI DIATOMEE,https://photobookers.com/creators/gaia-maggio,SkinnerBoox,https://photobookers.com/creators/skinnerboox
Giulia Ferranti,<3,https://photobookers.com/creators/giulia-ferranti,SkinnerBoox,https://photobookers.com/creators/skinnerboox
Greer Lankton,Could It Be Love,https://photobookers.com/creators/greer-lankton,Magic Hour Press,https://photobookers.com/creators/magic-hour-press
Greg Girard,Hotel Okinawa,https://photobookers.com/creators/greg-girard,The Velvet Cell,https://photobookers.com/creators/the-velvet-cell
Hannah Hughes,Mirror Image,https://photobookers.com/creators/hannah-hughes,Jane & Jeremy,https://photobookers.com/creators/jane--jeremy
Hannah Modigh,Searching for Sivagami,https://photobookers.com/creators/hannah-modigh,Kult Books,https://photobookers.com/creators/kult
Hans Gremmen,In Between,https://photobookers.com/creators/hans-gremmen,FW Books,https://photobookers.com/creators/fw-books
Hans-Christian Schink,Along the Path,https://photobookers.com/creators/hans-christian-schink,Hartmann Books,https://photobookers.com/creators/hartmann-books
Harri Pälviranta,Battered,https://photobookers.com/creators/harri-palviranta,Kult Books,https://photobookers.com/creators/kult
Harvey Stein,Then and There: Mardi Gras 1979,https://photobookers.com/creators/harvey-stein,Zatara Press,https://photobookers.com/creators/zatara-press
Henri Airo,Probable Cause,https://photobookers.com/creators/henri-airo,Kult Books,https://photobookers.com/creators/kult
Henriette Sabroe Ebbesen,Self Reflection,https://photobookers.com/creators/henriette-sabroe-ebbesen,DISKOBAY,https://photobookers.com/creators/diskobay
Henrik Spohler,Flatlands,https://photobookers.com/creators/henrik-spohler,Hartmann Books,https://photobookers.com/creators/hartmann-books
Henry Roy,Impossible Island,https://photobookers.com/creators/henry-roy,Loose Joints,https://photobookers.com/creators/loose-joints
Henry Wessel,Soft Eyes,https://photobookers.com/creators/henry-wessel,Deadbeat Club Press,https://photobookers.com/creators/deadbeat-club-press
Herbie Yamaguchi,Open Aperture to Open our heart for Tomorrow,https://photobookers.com/creators/herbie-yamaguchi,Super Labo,https://photobookers.com/creators/super-labo
Hervé Guibert,Suzanne and Louise,https://photobookers.com/creators/herve-guibert,Magic Hour Press,https://photobookers.com/creators/magic-hour-press
Hicham Benohoud,The Classroom,https://photobookers.com/creators/hicham-benohoud,Loose Joints,https://photobookers.com/creators/loose-joints
Hikaru,Shining,https://photobookers.com/creators/hikaru,Brown Owl Press,https://photobookers.com/creators/brown-owl-press
Hoda Afshar,The Fold,https://photobookers.com/creators/hoda-afshar,Loose Joints,https://photobookers.com/creators/loose-joints
Homer Sykes,Blitz Club Blitz Kids,https://photobookers.com/creators/homer-sykes,Poursuite Editions,https://photobookers.com/creators/poursuite-editions
HOT FUDGE,kill me softly (キルミー ソフトリー),https://photobookers.com/creators/hot-fudge,Super Labo,https://photobookers.com/creators/super-labo
Hudson Hayden,Notwithstanding,https://photobookers.com/creators/hudson-hayden,Loose Joints,https://photobookers.com/creators/loose-joints
Iain Sarjeant,Fragments Vol. 2,https://photobookers.com/creators/iain-sarjeant,Another Place Press,https://photobookers.com/creators/another-place-press
Ian Bates,The Weight Of Ash,https://photobookers.com/creators/ian-bates,Deadbeat Club Press,https://photobookers.com/creators/deadbeat-club-press
Ian Lewandowski,The Ice Palace is Gone,https://photobookers.com/creators/ian-lewandowski,Magic Hour Press,https://photobookers.com/creators/magic-hour-press
Ilmer Thies,Totalsanierung Müllerstrasse,https://photobookers.com/creators/ilmer-thies,Drittel Books,https://photobookers.com/creators/drittel-books
Irina Werning,Las Pelilargas,https://photobookers.com/creators/irina-werning,GOST,https://photobookers.com/creators/gost
Ivan Anisimov,Pants on Top of Shoes,https://photobookers.com/creators/ivan-anisimov,Kult Books,https://photobookers.com/creators/kult
Ivette Spradlin,Sunshine State,https://photobookers.com/creators/ivette-spradlin,Brown Owl Press,https://photobookers.com/creators/brown-owl-press
J Carrier,Mi'raj,https://photobookers.com/creators/j-carrier,TIS Books,https://photobookers.com/creators/tis-books
Jack Lueders-Booth,American Motorcycling Culture,https://photobookers.com/creators/jack-lueders-booth,Stanley / Barker,https://photobookers.com/creators/stanley--barker
Jake Nemirovsky,Big Bug,https://photobookers.com/creators/jake-nemirovsky,Tall Poppy Press,https://photobookers.com/creators/tall-poppy-press
Jakob De Boer,Where Ravens Cry,https://photobookers.com/creators/jakob-de-boer,Nazraeli Press,https://photobookers.com/creators/nazraeli-press
James Parker,Up Here I Am Weightless,https://photobookers.com/creators/james-parker,Subjectively Objective,https://photobookers.com/creators/subjectively-objective
Jamie Murray,Folly,https://photobookers.com/creators/jamie-murray,Photo Editions,https://photobookers.com/creators/photo-editions
Jan Staiger & Malte Uchtmann,The Perfect Crime: Concerning the Murder of Reality,https://photobookers.com/creators/jan-staiger--malte-uchtmann,Kult Books,https://photobookers.com/creators/kult
Janet Delaney,Too Many Products Too Much Pressure,https://photobookers.com/creators/janet-delaney,Deadbeat Club Press,https://photobookers.com/creators/deadbeat-club-press
Janine Wiedel,St Agnes Place Squat,https://photobookers.com/creators/janine-wiedel,RRB Photobooks,https://photobookers.com/creators/rrb-photobooks
Jason Hendardy,This is a Test,https://photobookers.com/creators/jason-hendardy,Gnomic Book,https://photobookers.com/creators/gnomic-book
Jason Koxvold,Engage and Destroy,https://photobookers.com/creators/jason-koxvold,Gnomic Book,https://photobookers.com/creators/gnomic-book
Jean-Christophe Arcos,Something Vibrantly Alive,https://photobookers.com/creators/jean-christophe-arcos,Poursuite Editions,https://photobookers.com/creators/poursuite-editions
Jeff Dworsky,Sealskin,https://photobookers.com/creators/jeff-dworsky,Charcoal Press,https://photobookers.com/creators/charcoal-press
Jeff Rich,WATERSHED | THE TENNESSEE RIVER,https://photobookers.com/creators/jeff-rich,Fall Line Press,https://photobookers.com/creators/fall-line-press
Jeffrey Conley,Reverence,https://photobookers.com/creators/jeffrey-conley,Nazraeli Press,https://photobookers.com/creators/nazraeli-press
Jem Southam,Red River,https://photobookers.com/creators/jem-southam,RRB Photobooks,https://photobookers.com/creators/rrb-photobooks
Jenia Fridlyand,Entrance to Our Valley,https://photobookers.com/creators/jenia-fridlyand,TIS Books,https://photobookers.com/creators/tis-books
Jenni Toivonen,Are We There,https://photobookers.com/creators/jenni-toivonen,Kult Books,https://photobookers.com/creators/kult
Jens Olof Lasthein,Weltschmerz,https://photobookers.com/creators/jens-olof-lasthein,Kult Books,https://photobookers.com/creators/kult
Jeremy Elkin,Upmost for the Highest,https://photobookers.com/creators/jeremy-elkin,Super Labo,https://photobookers.com/creators/super-labo
Jesse Lenz,The Seraphim,https://photobookers.com/creators/jesse-lenz,Charcoal Press,https://photobookers.com/creators/charcoal-press
Jim Goldberg,Thirty Cuts,https://photobookers.com/creators/jim-goldberg,Super Labo,https://photobookers.com/creators/super-labo
Johanna Kotlaris,Jessica Jessica Jessica,https://photobookers.com/creators/johanna-kotlaris,Jungle Books,https://photobookers.com/creators/jungle-books
Johanna Tagada Hoffbeck,Work the Soul Must Have,https://photobookers.com/creators/johanna-tagada-hoffbeck,Jane & Jeremy,https://photobookers.com/creators/jane--jeremy
John Coffey,PHILADELPHIA SCOOL OF MUSIC & ART,https://photobookers.com/creators/john-coffey,Super Labo,https://photobookers.com/creators/super-labo
John Divola,Dogs Chasing My Car in the Desert,https://photobookers.com/creators/john-divola,Nazraeli Press,https://photobookers.com/creators/nazraeli-press
John Gossage,"LAMF: Three Days in Berlin, 1987",https://photobookers.com/creators/john-gossage,Magic Hour Press,https://photobookers.com/creators/magic-hour-press
John Lehr,The Last Things,https://photobookers.com/creators/john-lehr,TBW Books,https://photobookers.com/creators/tbw-books
John Sanderson,Carbon County Booklet,https://photobookers.com/creators/john-sanderson,Zatara Press,https://photobookers.com/creators/zatara-press
Jon Nicholson,"Pirates, Cowboys and Jokers",https://photobookers.com/creators/jon-nicholson,RRB Photobooks,https://photobookers.com/creators/rrb-photobooks
Jordan Sullivan,Hallucinations,https://photobookers.com/creators/jordan-sullivan,Jane & Jeremy,https://photobookers.com/creators/jane--jeremy
Jordan Weitzman,Participation,https://photobookers.com/creators/jordan-weitzman,Magic Hour Press,https://photobookers.com/creators/magic-hour-press
José Pedro Cortes,Ocean Rain,https://photobookers.com/creators/jose-pedro-cortes,Pierre von Kleist Editions,https://photobookers.com/creators/pierre-von-kleist-editions
Joshua Amirthasingh,Tales from the City,https://photobookers.com/creators/joshua-amirthasingh,Nazraeli Press,https://photobookers.com/creators/nazraeli-press
Juan Brenner,GENESIS,https://photobookers.com/creators/juan-brenner,Guest Editions,https://photobookers.com/creators/guest-editions
Judith Black,Where the Light Came in,https://photobookers.com/creators/judith-black,Stanley / Barker,https://photobookers.com/creators/stanley--barker
Julian Slagman,Looking at My Brother,https://photobookers.com/creators/julian-slagman,DISKOBAY,https://photobookers.com/creators/diskobay
Justin Fiset,Six Cinder Blocks on Top of a Wall,https://photobookers.com/creators/justin-fiset,Zatara Press,https://photobookers.com/creators/zatara-press
Katalin Deér,Ur Haus,https://photobookers.com/creators/katalin-deer,Jungle Books,https://photobookers.com/creators/jungle-books
Katherine Hubbard,The Great Room,https://photobookers.com/creators/katherine-hubbard,Loose Joints,https://photobookers.com/creators/loose-joints
Kathryn Martin,Ossa,https://photobookers.com/creators/kathryn-martin,Jane & Jeremy,https://photobookers.com/creators/jane--jeremy
Keiko Nomura,DRAGON BLUE,https://photobookers.com/creators/keiko-nomura,Pierre von Kleist Editions,https://photobookers.com/creators/pierre-von-kleist-editions
Ken Grant,Cwm: The Fair Country,https://photobookers.com/creators/ken-grant,RRB Photobooks,https://photobookers.com/creators/rrb-photobooks
Khashayar Javanmardi,Caspian: A Southern Reflection,https://photobookers.com/creators/khashayar-javanmardi,Loose Joints,https://photobookers.com/creators/loose-joints
Kim Boske,Kamiyama,https://photobookers.com/creators/kim-boske,FW Books,https://photobookers.com/creators/fw-books
Kristian Krän,La Soufrière,https://photobookers.com/creators/kristian-kran,Kult Books,https://photobookers.com/creators/kult
Kyle McDougall,An American Mile,https://photobookers.com/creators/kyle-mcdougall,Subjectively Objective,https://photobookers.com/creators/subjectively-objective
Lars Tunbjörk,Office / LA Office,https://photobookers.com/creators/lars-tunbjork,Loose Joints,https://photobookers.com/creators/loose-joints
Laura McCluskey,Close to Home,https://photobookers.com/creators/laura-mccluskey,Guest Editions,https://photobookers.com/creators/guest-editions
Lauren Joy Kennett,Sorry I’m Not Sorry,https://photobookers.com/creators/lauren-joy-kennett,Jane & Jeremy,https://photobookers.com/creators/jane--jeremy
Le Phuong Nguyen,Sunshine,https://photobookers.com/creators/le-phuong-nguyen,Tall Poppy Press,https://photobookers.com/creators/tall-poppy-press
Leon Borensztein,American Portraits 1979-1989,https://photobookers.com/creators/leon-borensztein,Nazraeli Press,https://photobookers.com/creators/nazraeli-press
Lewis Ableidinger,Driving Through Flyover Country,https://photobookers.com/creators/lewis-ableidinger,Subjectively Objective,https://photobookers.com/creators/subjectively-objective
Linda Rosenkrantz,Peter Hujar's Day,https://photobookers.com/creators/linda-rosenkrantz,Magic Hour Press,https://photobookers.com/creators/magic-hour-press
Lisa Donneson,Irreversible Order,https://photobookers.com/creators/lisa-donneson,Art Paper Editions,https://photobookers.com/creators/art-paper-editions
Lora Webb Nichols,Heap-O-Livin’,https://photobookers.com/creators/lora-webb-nichols,FW Books,https://photobookers.com/creators/fw-books
Louis Fratino,Louis Fratino,https://photobookers.com/creators/louis-fratino,Magic Hour Press,https://photobookers.com/creators/magic-hour-press
Luca Iovino,The Name We Hold,https://photobookers.com/creators/luca-iovino,DISKOBAY,https://photobookers.com/creators/diskobay
Lucas Foglia,Constant Bloom,https://photobookers.com/creators/lucas-foglia,Nazraeli Press,https://photobookers.com/creators/nazraeli-press
Mads Holm,HRTLND,https://photobookers.com/creators/mads-holm,DISKOBAY,https://photobookers.com/creators/diskobay
Magdalena Wywrot,Pestka,https://photobookers.com/creators/magdalena-wywrot,Deadbeat Club Press,https://photobookers.com/creators/deadbeat-club-press
Malick Sidibé,Painted Frames,https://photobookers.com/creators/malick-sidibe,Loose Joints,https://photobookers.com/creators/loose-joints
Marc Wilson,"‘The Land is Yellow, the Sky is Blue'",https://photobookers.com/creators/marc-wilson,Two&Two Press,https://photobookers.com/creators/twotwo-press
Marcel Top,Reversed Surveillance,https://photobookers.com/creators/marcel-top,Kult Books,https://photobookers.com/creators/kult
Marcus Gustafsson,Filling in the Gaps,https://photobookers.com/creators/marcus-gustafsson,Kult Books,https://photobookers.com/creators/kult
Margo Davis,Antigua: Photographs 1967-73,https://photobookers.com/creators/margo-davis,Nazraeli Press,https://photobookers.com/creators/nazraeli-press
Marine Lanier,Le Jardin d’Hannibal,https://photobookers.com/creators/marine-lanier,Poursuite Editions,https://photobookers.com/creators/poursuite-editions
Marisa Mu,Every Tile is a Flower,https://photobookers.com/creators/marisa-mu,Tall Poppy Press,https://photobookers.com/creators/tall-poppy-press
Marjolein Martinot,Riverland,https://photobookers.com/creators/marjolein-martinot,Stanley / Barker,https://photobookers.com/creators/stanley--barker
Mark Armijo McKnight,Posthume,https://photobookers.com/creators/mark-armijo-mcknight,TBW Books,https://photobookers.com/creators/tbw-books
Mark Borthwick,Bird’s set Sun’s,https://photobookers.com/creators/mark-borthwick,Jane & Jeremy,https://photobookers.com/creators/jane--jeremy
Mark Power,FASHION,https://photobookers.com/creators/mark-power,GOST,https://photobookers.com/creators/gost
Mark Steinmetz,Greater Atlanta,https://photobookers.com/creators/mark-steinmetz,Nazraeli Press,https://photobookers.com/creators/nazraeli-press
Marshall To,Blank Notes,https://photobookers.com/creators/marshall-to,Charcoal Press,https://photobookers.com/creators/charcoal-press
Marta Bevacqua,Signs_,https://photobookers.com/creators/marta-bevacqua,Setanta Books,https://photobookers.com/creators/setanta-books
Martin Amis,Closed,https://photobookers.com/creators/martin-amis,Photo Editions,https://photobookers.com/creators/photo-editions
Martin Parr,Early Works (Second Edition),https://photobookers.com/creators/martin-parr,RRB Photobooks,https://photobookers.com/creators/rrb-photobooks
Matt Dunne,Site Specific,https://photobookers.com/creators/matt-dunne,Tall Poppy Press,https://photobookers.com/creators/tall-poppy-press
Matthew Finley,AN IMPOSSIBLY NORMAL LIFE,https://photobookers.com/creators/matthew-finley,Fall Line Press,https://photobookers.com/creators/fall-line-press
Matthew Thorne,Jingo was born in the slum,https://photobookers.com/creators/matthew-thorne,Jane & Jeremy,https://photobookers.com/creators/jane--jeremy
Maude Arsenault,Resurfacing,https://photobookers.com/creators/maude-arsenault,Deadbeat Club Press,https://photobookers.com/creators/deadbeat-club-press
Maya Meissner,The Cedar Lodge,https://photobookers.com/creators/maya-meissner,Zatara Press,https://photobookers.com/creators/zatara-press
Melissa Schriek,ODE,https://photobookers.com/creators/melissa-schriek,Guest Editions,https://photobookers.com/creators/guest-editions
Michael Kenna,Rafu,https://photobookers.com/creators/michael-kenna,Nazraeli Press,https://photobookers.com/creators/nazraeli-press
Michael Lundgren,Glass Mountain,https://photobookers.com/creators/michael-lundgren,Stanley / Barker,https://photobookers.com/creators/stanley--barker
Michael Ormerod,American Photographs,https://photobookers.com/creators/michael-ormerod,RRB Photobooks,https://photobookers.com/creators/rrb-photobooks
Michael Swann,Noema,https://photobookers.com/creators/michael-swann,Kult Books,https://photobookers.com/creators/kult
Michala Paludan,The Unposed (EoAT),https://photobookers.com/creators/michala-paludan,DISKOBAY,https://photobookers.com/creators/diskobay
Michel Mazzoni,Verticales,https://photobookers.com/creators/michel-mazzoni,acb-press,https://photobookers.com/creators/acb-press
Mîrkan Deniz,Out of Place,https://photobookers.com/creators/mirkan-deniz,Jungle Books,https://photobookers.com/creators/jungle-books
Monaris,Collecting Hands,https://photobookers.com/creators/monaris,Setanta Books,https://photobookers.com/creators/setanta-books
Morgan Ashcom,Open,https://photobookers.com/creators/morgan-ashcom,Gnomic Book,https://photobookers.com/creators/gnomic-book
Morganna Magee,Beware of People Who Dislike Cats,https://photobookers.com/creators/morganna-magee,Tall Poppy Press,https://photobookers.com/creators/tall-poppy-press
Nathalie Ericson,026 - Nathalie Ericson,https://photobookers.com/creators/nathalie-ericson,Setanta Books,https://photobookers.com/creators/setanta-books
Nathan Pearce,Car Crash Business,https://photobookers.com/creators/nathan-pearce,Brown Owl Press,https://photobookers.com/creators/brown-owl-press
Nick Gervin,Portlanders,https://photobookers.com/creators/nick-gervin,Photo Editions,https://photobookers.com/creators/photo-editions
Nicola Buonomo,Luoghi,https://photobookers.com/creators/nicola-buonomo,Kult Books,https://photobookers.com/creators/kult
Nicole Marchi,CASTELLIONE,https://photobookers.com/creators/nicole-marchi,SkinnerBoox,https://photobookers.com/creators/skinnerboox
Nigel Shafran,Workbooks,https://photobookers.com/creators/nigel-shafran,Loose Joints,https://photobookers.com/creators/loose-joints
Nikolay Bakharev,Cheryomushki,https://photobookers.com/creators/nikolay-bakharev,Stanley / Barker,https://photobookers.com/creators/stanley--barker
Nuno Barroso,ESTRELA DECADENTE,https://photobookers.com/creators/nuno-barroso,Pierre von Kleist Editions,https://photobookers.com/creators/pierre-von-kleist-editions
Odette England,"To Be Developed, To Be Continued",https://photobookers.com/creators/odette-england,Tall Poppy Press,https://photobookers.com/creators/tall-poppy-press
Ola Rindal,STAINS & ASHES,https://photobookers.com/creators/ola-rindal,Poursuite Editions,https://photobookers.com/creators/poursuite-editions
Olivo Barbieri,tOUR,https://photobookers.com/creators/olivo-barbieri,SkinnerBoox,https://photobookers.com/creators/skinnerboox
Ollie Babajide Tikare,ÈKÓ,https://photobookers.com/creators/ollie-babajide-tikare,Guest Editions,https://photobookers.com/creators/guest-editions
Paolo Zerbini,FLORIDAYS,https://photobookers.com/creators/paolo-zerbini,SkinnerBoox,https://photobookers.com/creators/skinnerboox
Paul Walsh,Walking With Strangers,https://photobookers.com/creators/paul-walsh,Another Place Press,https://photobookers.com/creators/another-place-press
Pearce Leal,A Field Guide To Seeing New Lands,https://photobookers.com/creators/pearce-leal,acb-press,https://photobookers.com/creators/acb-press
Pedro Costa,CASA DE LAVA - CADERNO,https://photobookers.com/creators/pedro-costa,Pierre von Kleist Editions,https://photobookers.com/creators/pierre-von-kleist-editions
Pedro Costa and Rui Chafes,FAMÍLIA AEMINIUM,https://photobookers.com/creators/pedro-costa-and-rui-chafes,Pierre von Kleist Editions,https://photobookers.com/creators/pierre-von-kleist-editions
Peter Essick,WORK IN PROGRESS,https://photobookers.com/creators/peter-essick,Fall Line Press,https://photobookers.com/creators/fall-line-press
Peter Mitchell,Nothing Lasts Forever,https://photobookers.com/creators/peter-mitchell,RRB Photobooks,https://photobookers.com/creators/rrb-photobooks
Peter Tomka,Double Player,https://photobookers.com/creators/peter-tomka,TBW Books,https://photobookers.com/creators/tbw-books
Philippe Braquenier,Earth Not A Globe,https://photobookers.com/creators/philippe-braquenier,Gnomic Book,https://photobookers.com/creators/gnomic-book
Pia Riverola,Días,https://photobookers.com/creators/pia-riverola,Loose Joints,https://photobookers.com/creators/loose-joints
Picturing the Invisible,Makoto Takahashi,https://photobookers.com/creators/picturing-the-invisible,FW Books,https://photobookers.com/creators/fw-books
Pieter Hugo,Californian Wildflowers,https://photobookers.com/creators/pieter-hugo,TBW Books,https://photobookers.com/creators/tbw-books
Qiu Yangzi,Rotation,https://photobookers.com/creators/qiu-yangzi,Art Paper Editions,https://photobookers.com/creators/art-paper-editions
Rafał Milach,I Am Warning You,https://photobookers.com/creators/rafa-milach,GOST,https://photobookers.com/creators/gost
Rahim Fortune,Hardtack,https://photobookers.com/creators/rahim-fortune,Loose Joints,https://photobookers.com/creators/loose-joints
Ray Barbee,THE JOY IS IN CAPTURING THE JOURNEY,https://photobookers.com/creators/ray-barbee,Super Labo,https://photobookers.com/creators/super-labo
Rebecca Najdowski,Ambient Pressure,https://photobookers.com/creators/rebecca-najdowski,Tall Poppy Press,https://photobookers.com/creators/tall-poppy-press
Ria Verhaeghe,Provisoria,https://photobookers.com/creators/ria-verhaeghe,Art Paper Editions,https://photobookers.com/creators/art-paper-editions
Riccardo Fregoso,Winter Light,https://photobookers.com/creators/riccardo-fregoso,Setanta Books,https://photobookers.com/creators/setanta-books
Richard Mosse,Broken Spectre,https://photobookers.com/creators/richard-mosse,Loose Joints,https://photobookers.com/creators/loose-joints
Richard Renaldi,Billions Served,https://photobookers.com/creators/richard-renaldi,Deadbeat Club Press,https://photobookers.com/creators/deadbeat-club-press
Rob Ball,Silent Coast,https://photobookers.com/creators/rob-ball,Photo Editions,https://photobookers.com/creators/photo-editions
Robby Müller,L.A. Polaroids,https://photobookers.com/creators/robby-muller,Stanley / Barker,https://photobookers.com/creators/stanley--barker
Robby Reis,Not a Cookbook,https://photobookers.com/creators/robby-reis,TBW Books,https://photobookers.com/creators/tbw-books
Robert Lyons,Zero Line Boundary,https://photobookers.com/creators/robert-lyons,Zatara Press,https://photobookers.com/creators/zatara-press
Robert Rauschenberg and Susan Weil,"The Blueprints, 1950",https://photobookers.com/creators/robert-rauschenberg-and-susan-weil,Stanley / Barker,https://photobookers.com/creators/stanley--barker
Robin Hinsch,Lonely Are All the Bridges,https://photobookers.com/creators/robin-hinsch,GOST,https://photobookers.com/creators/gost
Rochelle Marie Adam & Sophie Schwartz,With And For,https://photobookers.com/creators/rochelle-marie-adam--sophie-schwartz,Tall Poppy Press,https://photobookers.com/creators/tall-poppy-press
Roe Ethridge,In the Beginning,https://photobookers.com/creators/roe-ethridge,Loose Joints,https://photobookers.com/creators/loose-joints
Rory King,Gumsucker,https://photobookers.com/creators/rory-king,Charcoal Press,https://photobookers.com/creators/charcoal-press
Rory Mulligan,Freddie,https://photobookers.com/creators/rory-mulligan,Magic Hour Press,https://photobookers.com/creators/magic-hour-press
S. Billie Mandle,Asunder,https://photobookers.com/creators/s-billie-mandle,TBW Books,https://photobookers.com/creators/tbw-books
Sam Gulliver,Three Rings,https://photobookers.com/creators/sam-gulliver,Subjectively Objective,https://photobookers.com/creators/subjectively-objective
Sam Laughlin,Frameworks,https://photobookers.com/creators/sam-laughlin,The Velvet Cell,https://photobookers.com/creators/the-velvet-cell
Sam Youkilis,Somewhere 2017-2023,https://photobookers.com/creators/sam-youkilis,Loose Joints,https://photobookers.com/creators/loose-joints
Sara Aue Sobol,tell my love now,https://photobookers.com/creators/sara-aue-sobol,TIS Books,https://photobookers.com/creators/tis-books
Sebastien Tixier,Allanngorpoq,https://photobookers.com/creators/sebastien-tixier,,
Shane Hallinan,You've loved me before,https://photobookers.com/creators/shane-hallinan,TIS Books,https://photobookers.com/creators/tis-books
Shane Rocheleau,Lakeside,https://photobookers.com/creators/shane-rocheleau,Gnomic Book,https://photobookers.com/creators/gnomic-book
Silvana Trevale,Venezuelan Youth,https://photobookers.com/creators/silvana-trevale,Guest Editions,https://photobookers.com/creators/guest-editions
Simon Nicoloso,West Land,https://photobookers.com/creators/simon-nicoloso,Subjectively Objective,https://photobookers.com/creators/subjectively-objective
Steven B. Smith,Waiting Out the Latter Days,https://photobookers.com/creators/steven-b-smith,TIS Books,https://photobookers.com/creators/tis-books
Susan Meiselas,"44 Irving Street, 1970–1971",https://photobookers.com/creators/susan-meiselas,TBW Books,https://photobookers.com/creators/tbw-books
Sverre Bjertnæs,Hjem,https://photobookers.com/creators/sverre-bjertns,Jungle Books,https://photobookers.com/creators/jungle-books
Swan Moon,Swan Moon's Swan Moon,https://photobookers.com/creators/swan-moon,TBW Books,https://photobookers.com/creators/tbw-books
Tace Stevens,We Were Just Little Boys,https://photobookers.com/creators/tace-stevens,Tall Poppy Press,https://photobookers.com/creators/tall-poppy-press
Terry Allen,Juarez,https://photobookers.com/creators/terry-allen,Nazraeli Press,https://photobookers.com/creators/nazraeli-press
The Vos Method,The Vos Method,https://photobookers.com/creators/the-vos-method,Art Paper Editions,https://photobookers.com/creators/art-paper-editions
Thibaut Derien,025 - Thibaut Derien,https://photobookers.com/creators/thibaut-derien,Setanta Books,https://photobookers.com/creators/setanta-books
Thomas Boivin,Place de la République,https://photobookers.com/creators/thomas-boivin,Stanley / Barker,https://photobookers.com/creators/stanley--barker
Thomas Nolf,As Real As It Gets,https://photobookers.com/creators/thomas-nolf,Art Paper Editions,https://photobookers.com/creators/art-paper-editions
Thomas Prior,Slip Me the Master Key,https://photobookers.com/creators/thomas-prior,Loose Joints,https://photobookers.com/creators/loose-joints
Thomas Prior & Daniel Arnold,The Last Book,https://photobookers.com/creators/thomas-prior--daniel-arnold,Loose Joints,https://photobookers.com/creators/loose-joints
Tine Bek,The Vulgarity of Being Three-Dimensional,https://photobookers.com/creators/tine-bek,DISKOBAY,https://photobookers.com/creators/diskobay
Todd Hido,House Hunting,https://photobookers.com/creators/todd-hido,Nazraeli Press,https://photobookers.com/creators/nazraeli-press
Tom Callemin,Double Reality,https://photobookers.com/creators/tom-callemin,Art Paper Editions,https://photobookers.com/creators/art-paper-editions
Tom de Peyret,"1 New York Times Plaza, NY 11356",https://photobookers.com/creators/tom-de-peyret,Poursuite Editions,https://photobookers.com/creators/poursuite-editions
Tom Wood,"HIGHFIELDS, HIPPIES and STRIPPERS",https://photobookers.com/creators/tom-wood,Super Labo,https://photobookers.com/creators/super-labo
Toshio Shibata,Yodaka,https://photobookers.com/creators/toshio-shibata,Nazraeli Press,https://photobookers.com/creators/nazraeli-press
Tracy L Chandler,A Poor Sort of Memory,https://photobookers.com/creators/tracy-l-chandler,Deadbeat Club Press,https://photobookers.com/creators/deadbeat-club-press
Tyrone Williams,Ground,https://photobookers.com/creators/tyrone-williams,Brown Owl Press,https://photobookers.com/creators/brown-owl-press
Verena Blok,Love Shit,https://photobookers.com/creators/verena-blok,FW Books,https://photobookers.com/creators/fw-books
Véronique Rolland,Memories of an Unknown Island,https://photobookers.com/creators/veronique-rolland,Jane & Jeremy,https://photobookers.com/creators/jane--jeremy
Wei Jian Chan,Journey To The West,https://photobookers.com/creators/wei-jian-chan,Setanta Books,https://photobookers.com/creators/setanta-books
Will Warasila,Quicker than Coal Ash,https://photobookers.com/creators/will-warasila,Gnomic Book,https://photobookers.com/creators/gnomic-book
Wing Shya,Day / Night,https://photobookers.com/creators/wing-shya,Jane & Jeremy,https://photobookers.com/creators/jane--jeremy
Work From 162 Artists,Everything Is Narrative,https://photobookers.com/creators/work-from-162-artists,Subjectively Objective,https://photobookers.com/creators/subjectively-objective
Yasuhiro Ogawa,Into the Silence,https://photobookers.com/creators/yasuhiro-ogawa,Photo Editions,https://photobookers.com/creators/photo-editions
Yoshiyuki Okuyama,TOKYO SEQUENCE,https://photobookers.com/creators/yoshiyuki-okuyama,Super Labo,https://photobookers.com/creators/super-labo
Younès Klouche,Panamera,https://photobookers.com/creators/younes-klouche,Poursuite Editions,https://photobookers.com/creators/poursuite-editions
Yukihito Kono,The Cliff,https://photobookers.com/creators/yukihito-kono,Jane & Jeremy,https://photobookers.com/creators/jane--jeremy
Zed Nelson,The Anthropocene Illusion,https://photobookers.com/creators/zed-nelson,Guest Editions,https://photobookers.com/creators/guest-editions